Nama,Harga,Alamat
ASIA Kaos Lengan 3/4 Atasan Pria Kurta Pakistan bahan Baju Muslim Kekinian Kaos Distro Kaos Raglan Berkualitas MURAH,80910,Jakarta Utara
Baju Kemeja Harley Davidson HIJAU Lengan pendek 004,145000,Kab. Bandung
Baju kaos pria original katun berkualitas alinapaw 04,75000,Bandung
Baju Kaos Pria - Kaos Distro Pria - Tshirt Pria - Kaos Oblong Pria Cowok Branded Lengan Pendek Murah NK,59900,Jakarta Selatan
baju pria original INOCENT berkualitas,165000,Bandung
Baju Kaos Pria Dropa Tshirt Pria Distro  Bahan Cotton Combed Lengan Pendek Model Terbaru Keren,69000,Bandung
Kaos Baju Distro Casual Pria Wanita Polos Hitam Putih Cotton Combed Lengan Pendek untuk Cowok Keren Murah Terlaris Lutfy One Piece,37000,Jakarta Barat
BAJU KAOS DISTRO  A 060,60000,Kab. Sukabumi
KAOS ICHIGO KUROSAKI BLEACH ANIME MANGA BAJU JEPANG RUKIA SOSUKE ARIHIME BYAKUYA TOUSHIROU KARTUN JAPAN COSPLAY JEJEPANGAN CULTURE JAPANESE,18500,Tangerang
baju kaos polos henley kancing Putih,27500,Bekasi
Kaos Baju Distro Pria Polos Hitam Putih Cotton Combed Lengan Pendek untuk Cowok Anak Laki seperti Ori Original Keren Murah Terlaris Unisex,44000,Jakarta Barat
Baju Kaos Pria Fodo Tshirt Pria Fodoo Keren Bahan Cotton Katun Combed Premium Model Terbaru,69000,Bandung
Kaos Converse Premium Distro Baju Brand Kaos Tshirt Pria Wanita Kaos Murah R7,50000,Tangerang Selatan
KAOS 3SECOND - KAOS THREESECOND - KAOS PENDEK PRIA 3SECOND - KAOS BAND 3 SECOND - BAJU DISTRO 3SECOND - KAOS COMBED 30S - KAOS DISTRO PRIA,45000,Tangerang Selatan
Baju Kaos Imlek 2023 Kelinci Chinese New Year Premium High Quality Bahan Super Adem Sincia Konyan Tebal Bagus,48000,Jakarta Barat
BAJU PENDEK ORIGINAL PRINTING HD MOTOR HARLEY DAVIDSON TERBARU HDCI-5,105000,Kab. Bandung
baju kaos pria original INOCENT berkualitas,165000,Bandung
Fashion Pria Baju Kaos Santai Bagus,100000,Jakarta Selatan
Fashion Pria Baju Kaos,80000,Jakarta Selatan
Kaos Tshirt Baju Obral Murah Combed 30S Distro RANDOM ACAK polos custom indonesia pria wanita unisex keren kata anak dewasa COD LV Louis Vuitton vuito,15900,Jakarta Pusat
Kaos Baju Distro Pria Polos Hitam Putih Cotton Combed Lengan Pendek untuk Cowok Anak Laki Murah Keren Terlaris Terbaru ASTRONOT 2,44000,Jakarta Barat
Kaos Baju Combed 30S Distro ROXX band metal polos custom indonesia,42900,Jakarta Pusat
Kaos - Tshirt - Baju Band Dream Theater 01,105000,Bandung Barat
TEES ADIDAS ZNE BLACK GRADE ORIGINAL KAOS PRIA ADIDAS UNISEX T-SHIRT BAJU SPORTY HITAM,117250,Bandung Barat
TURTLENECK LENGAN PENDEK ( PUTIH ) kaos leher tinggi pria baju korea,32560,Jakarta Utara
Baju Kaos Perbakin Free Nama Lengan Pendek,55000,Depok
JERSEY KAOS BAJU GAMING RRQ 2020 NEW - XXS,99000,Kab. Bandung
Kaos Baju Combed 30 Distro I LOVE JAKARTA polos custom OLEH OLEH murah,47900,Jakarta Pusat
Kaos Baju Distro Casual Pria Wanita Vespa Polos Hitam Putih Cotton Combed Lengan Pendek untuk Cowok Cewek Unisex Keren Murah Terlaris,44000,Jakarta Barat
CRESSIDA MEN BAJU KAOS SLIMFIT PRIA - MMBBS.BB041G,163120,Bandung
Kaos Pria-Baju Wanita-Kaos Distro-Kaos Converse-Baju Kaos Atasan Dewasa Wanita Pria Cewek Cowok Lengan Pendek Murah Terbaru Kuning Katun S M L XL,59900,Jakarta Selatan
Baju Kaos Giordano - Baju Kaos Distro - Baju Kaos Pria Wanita Cowok Cewek Distro Murah Lengan Pendek Warna Abu Muda Bahan Katun Size S M L XL,59900,Jakarta Selatan
Baju Cowok Cressida - Torck.702003,95950,Bandung
Baju Hammersonic 2023 Slipknot Original,750000,Kab. Tegal
Baju kaos pria original katun berkualitas alinapaw 12,75000,Bandung
Kaos Baju Distro Pria Polos Hitam Putih Cotton Combed Lengan Pendek untuk Cowok Anak Laki Murah Keren Terlaris Terbaru AIR,44000,Jakarta Barat
Kaos Baju Lengan Panjang - Longsleeve The Punisher 01,110000,Bandung Barat
Polosan. Kaos Oblong. Baju Polos. Kaos Polos. Cotton Combed. Baju Grosir. Baju Polos Distro,29800,Bekasi
Kaos Rafa Baju Pria Resleting Lengan Pendek Bahan Cotton Model Terbaru,79000,Bandung
Kaos Baju Distro DEWA 19 Laskar Cinta BALADEWA AHMAD DHANI polos murah,62900,Jakarta Pusat
JERSEY KAOS BAJU GAMING RRQ 2019 - XXS,90000,Kab. Bandung
Kaos Baju Distro mahjong ways game slot polos PG Pocket Games Soft cod,60900,Jakarta Pusat
kaos distro Volcom ADD hitam tshirt sport pria baju cowok pakaian surfing tomyliston,85000,Semarang
Kaos Baju Distro JAPAN JEPANG polos custom SOUVENIR suvenir oleh oleh,54900,Jakarta Pusat
baju kaos vespa,27000,Jakarta Pusat
Baju Kaos Guess Pria Wanita Cowok Cewek Non Original Warna Hitam Lengan Pendek Bahan Katun Ukuran S M L XL,59900,Jakarta Selatan
TOMOINC Tshirt baju kaos MTV vol 04,169000,Jakarta Barat
TOMOINC Tshirt baju kaos Stranger Things Vol 03,169000,Jakarta Barat
TOMOINC Tshirt baju kaos Tin Tin vol 01,169000,Jakarta Barat
TOMOINC Tshirt baju kaos MTV vol 01,169000,Jakarta Barat
ASIA Kaos Lengan 3/4 Atasan Pria Kurta Pakistan bahan Baju Muslim Kekinian Kaos Distro Kaos Raglan Berkualitas MURAH,80910,Jakarta Utara
Baju Kemeja Harley Davidson HIJAU Lengan pendek 004,145000,Kab. Bandung
Baju kaos pria original katun berkualitas alinapaw 04,75000,Bandung
Baju Kaos Pria - Kaos Distro Pria - Tshirt Pria - Kaos Oblong Pria Cowok Branded Lengan Pendek Murah NK,59900,Jakarta Selatan
baju pria original INOCENT berkualitas,165000,Bandung
Baju Kaos Pria Dropa Tshirt Pria Distro  Bahan Cotton Combed Lengan Pendek Model Terbaru Keren,69000,Bandung
Kaos Baju Distro Casual Pria Wanita Polos Hitam Putih Cotton Combed Lengan Pendek untuk Cowok Keren Murah Terlaris Lutfy One Piece,37000,Jakarta Barat
BAJU KAOS DISTRO  A 060,60000,Kab. Sukabumi
KAOS ICHIGO KUROSAKI BLEACH ANIME MANGA BAJU JEPANG RUKIA SOSUKE ARIHIME BYAKUYA TOUSHIROU KARTUN JAPAN COSPLAY JEJEPANGAN CULTURE JAPANESE,18500,Tangerang
baju kaos polos henley kancing Putih,27500,Bekasi
Kaos Baju Distro Pria Polos Hitam Putih Cotton Combed Lengan Pendek untuk Cowok Anak Laki seperti Ori Original Keren Murah Terlaris Unisex,44000,Jakarta Barat
Baju Kaos Pria Fodo Tshirt Pria Fodoo Keren Bahan Cotton Katun Combed Premium Model Terbaru,69000,Bandung
Kaos Converse Premium Distro Baju Brand Kaos Tshirt Pria Wanita Kaos Murah R7,50000,Tangerang Selatan
KAOS 3SECOND - KAOS THREESECOND - KAOS PENDEK PRIA 3SECOND - KAOS BAND 3 SECOND - BAJU DISTRO 3SECOND - KAOS COMBED 30S - KAOS DISTRO PRIA,45000,Tangerang Selatan
Baju Kaos Imlek 2023 Kelinci Chinese New Year Premium High Quality Bahan Super Adem Sincia Konyan Tebal Bagus,48000,Jakarta Barat
BAJU PENDEK ORIGINAL PRINTING HD MOTOR HARLEY DAVIDSON TERBARU HDCI-5,105000,Kab. Bandung
baju kaos pria original INOCENT berkualitas,165000,Bandung
Fashion Pria Baju Kaos Santai Bagus,100000,Jakarta Selatan
Fashion Pria Baju Kaos,80000,Jakarta Selatan
Kaos Tshirt Baju Obral Murah Combed 30S Distro RANDOM ACAK polos custom indonesia pria wanita unisex keren kata anak dewasa COD LV Louis Vuitton vuito,15900,Jakarta Pusat
Kaos Baju Distro Pria Polos Hitam Putih Cotton Combed Lengan Pendek untuk Cowok Anak Laki Murah Keren Terlaris Terbaru ASTRONOT 2,44000,Jakarta Barat
Kaos Baju Combed 30S Distro ROXX band metal polos custom indonesia,42900,Jakarta Pusat
Kaos - Tshirt - Baju Band Dream Theater 01,105000,Bandung Barat
TEES ADIDAS ZNE BLACK GRADE ORIGINAL KAOS PRIA ADIDAS UNISEX T-SHIRT BAJU SPORTY HITAM,117250,Bandung Barat
TURTLENECK LENGAN PENDEK ( PUTIH ) kaos leher tinggi pria baju korea,32560,Jakarta Utara
Baju Kaos Perbakin Free Nama Lengan Pendek,55000,Depok
JERSEY KAOS BAJU GAMING RRQ 2020 NEW - XXS,99000,Kab. Bandung
Kaos Baju Combed 30 Distro I LOVE JAKARTA polos custom OLEH OLEH murah,47900,Jakarta Pusat
Kaos Baju Distro Casual Pria Wanita Vespa Polos Hitam Putih Cotton Combed Lengan Pendek untuk Cowok Cewek Unisex Keren Murah Terlaris,44000,Jakarta Barat
CRESSIDA MEN BAJU KAOS SLIMFIT PRIA - MMBBS.BB041G,163120,Bandung
Kaos Pria-Baju Wanita-Kaos Distro-Kaos Converse-Baju Kaos Atasan Dewasa Wanita Pria Cewek Cowok Lengan Pendek Murah Terbaru Kuning Katun S M L XL,59900,Jakarta Selatan
Baju Kaos Giordano - Baju Kaos Distro - Baju Kaos Pria Wanita Cowok Cewek Distro Murah Lengan Pendek Warna Abu Muda Bahan Katun Size S M L XL,59900,Jakarta Selatan
Baju Cowok Cressida - Torck.702003,95950,Bandung
Baju Hammersonic 2023 Slipknot Original,750000,Kab. Tegal
Baju kaos pria original katun berkualitas alinapaw 12,75000,Bandung
Kaos Baju Distro Pria Polos Hitam Putih Cotton Combed Lengan Pendek untuk Cowok Anak Laki Murah Keren Terlaris Terbaru AIR,44000,Jakarta Barat
Kaos Baju Lengan Panjang - Longsleeve The Punisher 01,110000,Bandung Barat
Polosan. Kaos Oblong. Baju Polos. Kaos Polos. Cotton Combed. Baju Grosir. Baju Polos Distro,29800,Bekasi
Kaos Rafa Baju Pria Resleting Lengan Pendek Bahan Cotton Model Terbaru,79000,Bandung
Kaos Baju Distro DEWA 19 Laskar Cinta BALADEWA AHMAD DHANI polos murah,62900,Jakarta Pusat
JERSEY KAOS BAJU GAMING RRQ 2019 - XXS,90000,Kab. Bandung
Kaos Baju Distro mahjong ways game slot polos PG Pocket Games Soft cod,60900,Jakarta Pusat
kaos distro Volcom ADD hitam tshirt sport pria baju cowok pakaian surfing tomyliston,85000,Semarang
Kaos Baju Distro JAPAN JEPANG polos custom SOUVENIR suvenir oleh oleh,54900,Jakarta Pusat
baju kaos vespa,27000,Jakarta Pusat
Baju Kaos Guess Pria Wanita Cowok Cewek Non Original Warna Hitam Lengan Pendek Bahan Katun Ukuran S M L XL,59900,Jakarta Selatan
TOMOINC Tshirt baju kaos MTV vol 04,169000,Jakarta Barat
TOMOINC Tshirt baju kaos Stranger Things Vol 03,169000,Jakarta Barat
TOMOINC Tshirt baju kaos Tin Tin vol 01,169000,Jakarta Barat
